<?xml version="1.0" encoding="UTF-8"?><script xmlns:hds="http://netkernel.org/hds"><id>72AF9CDCB9EF6826</id><name>Javacript Graph Library</name><script>import org.netkernel.layer0.nkf.*;&#13;
lib="""&#13;
function drawArea(idx, fillStyle, heightFunction, data, vis)&#13;
{	var d = extractArray(data,idx,0);&#13;
	vis.add(pv.Area)&#13;
		.data(d)&#13;
		.interpolate("cardinal")&#13;
		.bottom(y(0))&#13;
		.height(function(d) { return heightFunction(d)-y(0) } )&#13;
		.left(function() { return x(this.index+0.5);} )&#13;
		.fillStyle( fillStyle );&#13;
}&#13;
&#13;
function drawArea2(idx, fillStyle, strokeStyle, heightFunction, bottomFunction, data, vis)&#13;
{	var d = extractArray(data,idx,0);&#13;
	vis.add(pv.Area)&#13;
		.data(d)&#13;
		.interpolate("cardinal")&#13;
		.bottom(bottomFunction)&#13;
		.height(function(d) { return heightFunction(d)-bottomFunction(d) } )&#13;
		.left(function() { return x(this.index+0.5);} )&#13;
		.strokeStyle( strokeStyle )&#13;
		.fillStyle( fillStyle );&#13;
}&#13;
&#13;
function drawLine(idx, fillStyle, dashArray, heightFunction, data, vis)&#13;
{	var d = extractArray(data,idx,0);&#13;
	vis.add(pv.Line)&#13;
		.data(d).interpolate("cardinal")&#13;
		.bottom(heightFunction)&#13;
		.left(function() {return x(this.index+0.5)})&#13;
		.lineWidth(2)&#13;
		.strokeDasharray(dashArray)&#13;
		.strokeStyle( fillStyle );&#13;
//		.add(pv.Dot)&#13;
//			.lineWidth(1)&#13;
//	    	.fillStyle("white");&#13;
}&#13;
&#13;
function drawBar(idx, fillStyle, heightFunction, data, vis)&#13;
{	var d=extractArray(gd,idx, 0);&#13;
	vis.add(pv.Bar)&#13;
		.data(d)&#13;
		.bottom(y(0))&#13;
		.width(4)&#13;
		.height(function(d) { return heightFunction(d)-y(0) })&#13;
		.left(function() { return x(this.index);} )&#13;
		.fillStyle( fillStyle );&#13;
}&#13;
&#13;
function drawBoolean(idx, fillStyle, origin, height, data, vis)&#13;
{	var d=extractArray(data,idx, 0);&#13;
	vis.add(pv.Area)&#13;
		.data(d)&#13;
		.interpolate("step-before")&#13;
        .bottom(function(d) { return y(d?origin-height/2:origin-height/16); } )&#13;
        .height(function(d) { return y(d?height:height/8)-y(0); } )&#13;
        .left(function() { return x(this.index+0.5);} )&#13;
        .fillStyle( fillStyle );&#13;
}&#13;
&#13;
function extractArray(a, idx, defval)&#13;
{   result = [];&#13;
    for (i=0; i&lt;a.length; i++)&#13;
    { b=a[i];&#13;
      v=b[idx];&#13;
      if (v==null) v=defval;&#13;
      result.push(v);&#13;
    }&#13;
    return result;&#13;
}&#13;
&#13;
function getFirstNonNull(a) { result = null; for (i=0; i&lt;a.length; i++) { b=a[i]; if (b!=null) { result=b; break; } } return result; }&#13;
&#13;
""";&#13;
resp=context.createResponseFrom(lib);&#13;
resp.setMimeType("text/css");&#13;
resp.setHeader("HTTP_CACHE_EXPIRES_DELTA_SECONDS",604800L);</script><state>&lt;state/&gt;</state><triggers hds:type="STRING"/><keywords>library</keywords><public>private</public></script>