<?xml version="1.0" encoding="UTF-8"?><script xmlns:hds="http://netkernel.org/hds"><id>194BBC5E266928A7</id><name>SensorList</name><script>import org.netkernel.mod.hds.*;&#13;
&#13;
m=HDSFactory.newDocument();&#13;
m.pushNode("sensors");&#13;
&#13;
&#13;
&#13;
m.pushNode("sensor");&#13;
m.addNode("id","urn:random1");&#13;
m.addNode("name","Random 1");&#13;
m.addNode("units","");&#13;
m.addNode("format","%.2f");&#13;
m.addNode("icon","/polestar/pub/icon/deathstar.png");&#13;
m.addNode("keywords","test");&#13;
m.addNode("errorIfNoReadingsFor",800L);&#13;
m.popNode();&#13;
&#13;
&#13;
&#13;
&#13;
m.pushNode("sensor");&#13;
m.addNode("id","urn:ramp");&#13;
m.addNode("name","Ramp 1h");&#13;
m.addNode("units","");&#13;
m.addNode("format","%.2f");&#13;
m.addNode("icon","/polestar/pub/icon/circle-dashed.png");&#13;
m.addNode("keywords","test");&#13;
m.addNode("errorIfNoReadingsFor",800L);&#13;
m.popNode();&#13;
&#13;
m.pushNode("sensor");&#13;
m.addNode("id","urn:daylight");&#13;
m.addNode("name","Dummy Daylight");&#13;
m.addNode("units","lumens");&#13;
m.addNode("format","%.2f");&#13;
m.addNode("icon","/polestar/pub/icon/sun.png");&#13;
m.addNode("keywords","test");&#13;
m.addNode("errorIfNoReadingsFor",800L);&#13;
m.popNode();&#13;
&#13;
m.pushNode("sensor");&#13;
m.addNode("id","urn:updated:by:webhook");&#13;
m.addNode("name","Updated by Webhook");&#13;
m.addNode("units","");&#13;
m.addNode("format","%.2f");&#13;
m.addNode("icon","/polestar/pub/icon/network.png");&#13;
m.addNode("keywords","test");&#13;
m.addNode("errorIfNoReadingsFor",800L);&#13;
m.popNode();&#13;
&#13;
m.pushNode("sensor");&#13;
m.addNode("id","urn:switch:test");&#13;
m.addNode("name","Test Switch");&#13;
m.addNode("format","on");&#13;
m.addNode("icon","/polestar/pub/icon/switch.png");&#13;
m.popNode();&#13;
&#13;
&#13;
resp=context.createResponseFrom(m.toDocument(false));</script><state>&lt;state/&gt;</state><triggers hds:type="STRING"/><keywords hds:type="STRING"/><public>secret</public></script>