<?xml version="1.0" encoding="UTF-8"?><script xmlns:hds="http://netkernel.org/hds"><id>469A2446E2A55493</id><name>Update Sensors</name><script>import org.netkernel.mod.hds.*;&#13;
import org.netkernel.layer0.nkf.*;&#13;
&#13;
m=HDSFactory.newDocument();&#13;
m.pushNode("sensors");&#13;
&#13;
m.pushNode("sensor");&#13;
m.addNode("id","urn:random1");&#13;
m.addNode("value", Math.random());&#13;
m.popNode();&#13;
&#13;
h=60000*60*24L;&#13;
t=System.currentTimeMillis()%h;&#13;
ft=((float)t)/((float)h);&#13;
s=Math.sin(ft*Math.PI*2.0);&#13;
if (s&lt;0) s=0;&#13;
&#13;
m.pushNode("sensor");&#13;
m.addNode("id","urn:ramp");&#13;
m.addNode("value", ft);&#13;
m.popNode();&#13;
&#13;
m.pushNode("sensor");&#13;
m.addNode("id","urn:daylight");&#13;
m.addNode("value", s);&#13;
m.popNode();&#13;
&#13;
&#13;
req=context.createRequest("active:polestarSensorUpdate");&#13;
req.addArgumentByValue("state",m.toDocument(false));&#13;
context.issueRequest(req);</script><state>&lt;state/&gt;</state><triggers>5m</triggers><keywords>sensor</keywords><public>private</public></script>